Age,SNP,count
0-10,rs10910093,1
10-20,rs10910093,0
20-30,rs10910093,0
30-40,rs10910093,0
40-50,rs10910093,0
50-60,rs10910093,1
60-70,rs10910093,0
0-10,rs11031005,0
10-20,rs11031005,0
20-30,rs11031005,1
30-40,rs11031005,0
40-50,rs11031005,1
50-60,rs11031005,1
60-70,rs11031005,0
0-10,rs2232460,0
10-20,rs2232460,0
20-30,rs2232460,1
30-40,rs2232460,0
40-50,rs2232460,0
50-60,rs2232460,1
60-70,rs2232460,0
0-10,rs230542,1
10-20,rs230542,0
20-30,rs230542,0
30-40,rs230542,0
40-50,rs230542,0
50-60,rs230542,1
60-70,rs230542,0
0-10,rs2476601,0
10-20,rs2476601,1
20-30,rs2476601,0
30-40,rs2476601,0
40-50,rs2476601,0
50-60,rs2476601,0
60-70,rs2476601,1
0-10,rs3087243,0
10-20,rs3087243,1
20-30,rs3087243,0
30-40,rs3087243,0
40-50,rs3087243,0
50-60,rs3087243,0
60-70,rs3087243,1
0-10,rs61768001,0
10-20,rs61768001,0
20-30,rs61768001,1
30-40,rs61768001,0
40-50,rs61768001,0
50-60,rs61768001,1
60-70,rs61768001,0
0-10,rs9372625,0
10-20,rs9372625,0
20-30,rs9372625,1
30-40,rs9372625,0
40-50,rs9372625,0
50-60,rs9372625,0
60-70,rs9372625,1